{
    "name": "Python Execution Output Comparison: Total Score",
    "tags": [],
    "output": 61.83947485112819,
    "tag_scores": {
        "ModuleNotFoundError": 71.06124743484973,
        "OrderedDict": 94.37437934458788,
        "Easy": 61.43136375630283,
        "TypeError": 70.70473610566094,
        "copy": 97.02346041055718,
        "ImportError": 50.498421726509314,
        "GarbageCollection": 42.79343298211223,
        "NotImplementedError": 66.7878900772069,
        "discard": 61.36056162993149,
        "OverflowError": 61.1877158805031,
        "heapq": 42.02246555187732,
        "join": 97.2972972972973,
        "Medium": 63.49164791036623,
        "RecursionError": 63.912225056641645,
        "matplotlib": 89.61952026468157,
        "threading": 59.437888398094984,
        "Hard": 60.38149299933456,
        "AttributeError": 57.77511780901576,
        "Serialization": 45.97168597168597,
        "NameError": 57.49208505974816,
        "subprocess": 68.9344537815126,
        "IndentationError": 72.23519735985846,
        "AssertionError": 62.80606653050982,
        "scipy": 53.45364758698092,
        "RuntimeError": 58.37336842901364,
        "set": 78.97443764686884,
        "VirtualEnvironment": 62.51461159459254,
        "ZeroDivisionError": 58.67372468678707,
        "Non-default argument": 47.37109658678286,
        "ValueError": 62.64440643188289,
        "startswith": 59.90840660278265,
        "IndexError": 52.18470855864079,
        "multiprocessing": 46.06060606060606,
        "StopIteration": 67.97914634376153,
        "endswith": 52.0035647348132,
        "Concurrency": 39.392330383480825,
        "OSError": 54.88208221487898,
        "pytorch": 88.69687266369152,
        "Metaclass": 63.838281994252455,
        "format": 58.7670433444745,
        "DefaultDict": 70.30623603418294,
        "setdefault": 45.26092568688917,
        "KeyError": 83.49995703918552,
        "socket": 72.6520125606623,
        "NamedTuple": 84.61344678649475,
        "numpy": 57.71993457079867,
        "MemoryError": 59.830704710417685,
        "sys": 59.74345118624878,
        "pandas": 71.91408253013086,
        "frozenset": 35.35575048732944,
        "SyntaxError": 50.285816567403366,
        "Reflection": 66.2022819763813,
        "difference": 99.30555555555556,
        "Lambda": 80.0,
        "MonkeyPatching": 75.49464478242939,
        "tuple": 90.9090909090909,
        "flask": 80.61224489795919,
        "popitem": 65.21825497617768,
        "Polymorphism": 86.95652173913044,
        "django": 68.68333624759573,
        "json": 80.82901554404145,
        "math": 78.81653579829127,
        "FileNotFoundError": 66.20444619300066,
        "replace": 98.72340425531915,
        "Recursion": 27.42872070458277,
        "Decorator": 82.34907227914705,
        "UnitTesting": 63.13690026892523,
        "insert": 18.716397849462364,
        "keys": 85.84905660377359,
        "collections": 9.090909090909092,
        "Deque": 100.0,
        "append": 59.32075471698113,
        "ContextManager": 49.011974468534056,
        "random": 1.2345679012345678,
        "Comprehension": 83.38228014054549,
        "extend": 44.44444444444444,
        "dict": 60.24492920015309,
        "lower": 77.66990291262135,
        "datetime": 55.58139534883721,
        "Keyword expression": 2.2988505747126435,
        "Introspection": 25.8426485684955,
        "remove": 94.38401418096849,
        "bytearray": 16.867469879518072,
        "upper": 96.0,
        "re": 79.89359750504494,
        "sort": 96.7741935483871,
        "requests": 17.77777777777778,
        "get": 0.0,
        "index": 43.455497382198956,
        "pop": 95.95375722543352,
        "fromkeys": 35.82089552238806,
        "os": 2.7027027027027026,
        "Counter": 0.0,
        "items": 20.01527883880825,
        "sklearn": 79.37137330754351,
        "reverse": 72.5925925925926,
        "clear": 56.31852741096438,
        "Global state": 80.0,
        "Generator": 71.1864406779661,
        "count": 0.0,
        "IdiomaticPython": 51.58963791580806,
        "TypeHinting": 80.0,
        "DependencyInjection": 98.63013698630137,
        "Memoization": 86.6945925361767,
        "str": 89.76190476190476,
        "issuperset": 83.41708542713567,
        "capitalize": 95.65217391304348,
        "union": 100.0
    }
}
