{
    "name": "Python Execution Output Comparison: Total Score",
    "tags": [],
    "output": 35.87190600165627,
    "tag_scores": {
        "ModuleNotFoundError": 34.06515731131805,
        "OrderedDict": 37.34359483614697,
        "Easy": 34.79434918809174,
        "TypeError": 35.385083322600394,
        "copy": 67.02346041055719,
        "ImportError": 35.604965435280924,
        "GarbageCollection": 21.31217838765009,
        "NotImplementedError": 41.783887966733396,
        "discard": 26.29845592332667,
        "OverflowError": 31.0717323934653,
        "heapq": 20.745267804091334,
        "join": 97.2972972972973,
        "Medium": 36.63927723500311,
        "RecursionError": 34.63346157555138,
        "matplotlib": 62.531017369727046,
        "threading": 26.006955610575734,
        "Hard": 37.41474118554735,
        "AttributeError": 35.959390956118064,
        "Serialization": 14.723294723294725,
        "NameError": 29.578419844663635,
        "subprocess": 28.48403361344538,
        "IndentationError": 46.42638700236226,
        "AssertionError": 41.21353709636948,
        "scipy": 27.964789659042534,
        "RuntimeError": 37.11723436650407,
        "set": 58.752531212018376,
        "VirtualEnvironment": 18.631189716370862,
        "ZeroDivisionError": 33.21853473098341,
        "Non-default argument": 23.44952795933188,
        "ValueError": 35.00213189398246,
        "startswith": 41.342118791474,
        "IndexError": 28.70073907158738,
        "multiprocessing": 12.121212121212121,
        "StopIteration": 35.71545994601453,
        "endswith": 26.88252189310896,
        "Concurrency": 20.8023598820059,
        "OSError": 41.99192565393069,
        "pytorch": 22.862942365218323,
        "Metaclass": 35.26072209083963,
        "format": 46.198737333545544,
        "DefaultDict": 29.675094688755895,
        "setdefault": 33.763599483680615,
        "KeyError": 41.29673680567249,
        "socket": 26.82700542392235,
        "NamedTuple": 38.97756313868289,
        "numpy": 29.379133774269256,
        "MemoryError": 26.710575876357268,
        "sys": 22.005137058402457,
        "pandas": 35.235818283272984,
        "frozenset": 16.739766081871345,
        "SyntaxError": 30.272423781354586,
        "Reflection": 40.90205477741991,
        "difference": 30.555555555555557,
        "Lambda": 80.0,
        "MonkeyPatching": 42.41507281845195,
        "tuple": 90.9090909090909,
        "flask": 41.83673469387755,
        "popitem": 27.832268520295646,
        "Polymorphism": 85.71428571428571,
        "django": 27.4714269818309,
        "json": 39.37823834196891,
        "math": 41.99460588814315,
        "FileNotFoundError": 44.95892468444698,
        "replace": 97.02127659574468,
        "Recursion": 10.952380952380953,
        "Decorator": 32.490999723068406,
        "UnitTesting": 37.66848673182304,
        "insert": 11.323924731182796,
        "keys": 34.90566037735849,
        "collections": 9.090909090909092,
        "Deque": 100.0,
        "append": 51.77358490566037,
        "ContextManager": 36.04901150557109,
        "random": 0.0,
        "Comprehension": 55.69753227546271,
        "extend": 12.962962962962962,
        "dict": 38.08696164149666,
        "lower": 38.83495145631068,
        "datetime": 33.72093023255814,
        "Keyword expression": 0.0,
        "Introspection": 16.522185468233147,
        "remove": 69.51091773426799,
        "bytearray": 16.867469879518072,
        "upper": 96.0,
        "re": 30.846240532536623,
        "sort": 96.7741935483871,
        "requests": 8.88888888888889,
        "get": 0.0,
        "index": 23.036649214659686,
        "pop": 80.92485549132948,
        "fromkeys": 22.388059701492537,
        "os": 2.7027027027027026,
        "Counter": 0.0,
        "items": 11.433664374840847,
        "sklearn": 37.63056092843327,
        "reverse": 55.72390572390572,
        "clear": 39.60618846694796,
        "Global state": 80.0,
        "Generator": 22.033898305084744,
        "count": 0.0,
        "IdiomaticPython": 12.982042979099207,
        "TypeHinting": 75.63636363636364,
        "DependencyInjection": 97.24770642201835,
        "Memoization": 53.274942878903275,
        "str": 67.67857142857143,
        "issuperset": 39.19597989949749,
        "capitalize": 86.95652173913044,
        "union": 100.0
    }
}
